thinking,max_tokens,prompt_shape,outcome,completion_tokens,wall_clock_ms,cost_usd,content_preview_first_500
on,8000,direct-fact,error,0,85,0.000000,
on,8000,multi-anchor-enumeration,converged,3271,23414,0.002629,"1. (a) Readability (b) Python prioritizes code clarity by using indentation and English-like keywords instead of braces or semicolons. (c) `if x > 0: print(""Positive"")` 2. (a) Dynamic Typing (b) Variables are not bound to specific data types at declaration and can be reassigned to different types during execution. (c) `data = 100; data = ""string""` 3. (a) Extensive Standard Library (b) The language ships with a comprehensive set of built-in modules that handle common tasks like file I/O and netwo"
on,8000,chain-of-anchor,converged,3200,39004,0.002571,"Both works explore how systemic control manipulates memory and truth to erode individual identity and question the nature of humanity. * **1984:** ""Who controls the past controls the future: who controls the present controls the past."" * **Blade Runner:** ""All those moments will be lost in time, like tears in rain."""
on,8000,temporal-scope,loop,8000,80304,0.006407,
on,8000,null-result-tolerant,converged,2506,17176,0.002013,"no. Historical records confirm that Napoleon was exiled to the island of St. Helena in the South Atlantic, where he died, and there is no documentation of him ever traveling to Australia."
on,16000,direct-fact,converged,213,1973,0.000176,1969
on,16000,multi-anchor-enumeration,converged,4048,50086,0.003251,"1. (a) Name: Readability (b) Description: Python uses English-like keywords and mandatory indentation to create code that is easy to read and maintain. (c) Example: `if x > 5:\n print(""Greater"")` 2. (a) Name: Dynamic Typing (b) Description: Variable types are determined at runtime, allowing variables to change types without explicit declaration. (c) Example: `x = 10` followed by `x = ""hello""` 3. (a) Name: Interpreted Execution (b) Description: Source code is translated into bytecode and executed"
on,16000,chain-of-anchor,converged,4032,29618,0.003237,"Both works examine how the manipulation of memory and truth under oppressive regimes erodes individual identity and challenges the definition of humanity. * **1984:** ""Who controls the past controls the future: who controls the present controls the past."" * **Blade Runner:** ""I've seen things you people wouldn't believe... All those moments will be lost in time, like tears in rain."""
on,16000,temporal-scope,converged,4697,32588,0.003765,"The major space-exploration event that occurred in December 1972 was the **Apollo 17** mission (the last manned mission to the Moon). * **Event Name:** Apollo 17 (Launch) * **Exact Date:** December 7, 1972 *(Note: The spacecraft landed on the Moon on December 11, 1972, and splashed down on December 19, 1972, but the mission is primarily identified by its launch date.)*"
on,16000,null-result-tolerant,converged,4097,29745,0.003286,"No There is no historical record of Napoleon visiting Australia, as he was exiled to St. Helena in the South Atlantic Ocean where he died in 1821."
on,32000,direct-fact,converged,217,4617,0.000179,1969
on,32000,multi-anchor-enumeration,converged,3550,46281,0.002853,"1. (a) Readability (b) Python emphasizes code clarity through English-like syntax and mandatory indentation. (c) `if user_is_valid: print(""Access Granted"")` 2. (a) Dynamic Typing (b) Variables do not require explicit type declarations and can hold different data types during execution. (c) `x = 10; x = ""ten""` 3. (a) Extensive Standard Library (b) The language includes a vast collection of built-in modules that allow developers to perform complex tasks without external dependencies. (c) `import j"
on,32000,chain-of-anchor,converged,1934,13044,0.001558,"Both works explore how oppressive systems manipulate memory and history to control individual identity and enforce a fabricated reality. **1984:** ""Who controls the past controls the future: who controls the present controls the past."" **Blade Runner:** Roy Batty's dying monologue: ""All those moments will be lost in time, like tears in rain."""
on,32000,temporal-scope,error,0,180003,0.000000,
on,32000,null-result-tolerant,converged,1097,8723,0.000886,"No, there is no historical evidence because Napoleon spent his final years in exile on the island of Saint Helena in the South Atlantic, far from Australia."
on,64000,direct-fact,converged,228,1961,0.000188,1969
on,64000,multi-anchor-enumeration,converged,2003,11734,0.001615,"1. (a) Readable Syntax (b) Python prioritizes code clarity by using indentation to define blocks and English-like keywords instead of braces. (c) `if user_is_active: print(""Access Granted"")` 2. (a) Dynamic Typing (b) Variables are not bound to specific data types at declaration and can be reassigned to different types during execution. (c) `count = 5` followed by `count = ""five""` 3. (a) Extensive Standard Library (b) The language comes with a vast collection of built-in modules that allow develo"
on,64000,chain-of-anchor,converged,3611,30095,0.002900,"Both works explore how the manipulation of memory and truth by powerful systems serves to control individual identity and obscure the nature of reality. **1984:** ""Who controls the past controls the future: who controls the present controls the past."" **Blade Runner:** Rachael states, ""I don't know why he gave me those memories. I can't understand them."""
on,64000,temporal-scope,converged,3378,26090,0.002709,"**Event Name:** Launch of the Apollo 17 mission (the last manned mission to the Moon) **Exact Date:** December 7, 1972"
on,64000,null-result-tolerant,converged,2704,19829,0.002172,"No. There is no historical evidence that Napoleon Bonaparte ever visited Australia, as he spent his final years in exile on the island of Saint Helena in the South Atlantic Ocean."
off,8000,direct-fact,converged,213,8738,0.000176,1969
off,8000,multi-anchor-enumeration,converged,2674,18401,0.002152,"1. (a) **Readability and Simple Syntax**: (b) Python uses indentation and English-like keywords to create code that is easy to read and maintain. (c) `if x > 10:\n print(""High"")` 2. (a) **Dynamic Typing**: (b) Variable types are inferred at runtime, allowing variables to change types without explicit declaration. (c) `count = 5; count = ""five""` 3. (a) **Extensive Standard Library**: (b) Python comes with a vast collection of built-in modules that handle common tasks without needing external pack"
off,8000,chain-of-anchor,converged,3437,26549,0.002761,"Both narratives examine how oppressive regimes manipulate memory and reality to erode individual identity and humanity. * **1984:** O'Brien's assertion that ""Who controls the past controls the future: who controls the present controls the past."" * **Blade Runner:** Deckard's revelation to Gaff, ""I had a dream of a unicorn,"" implying his memories are implanted."
off,8000,temporal-scope,loop,8000,81122,0.006407,
off,8000,null-result-tolerant,converged,2566,15057,0.002061,"No, historical records confirm that Napoleon was exiled to St. Helena and never traveled to the Pacific Ocean."
off,16000,direct-fact,converged,213,1813,0.000176,1969
off,16000,multi-anchor-enumeration,converged,5204,35675,0.004176,"1. **Readable Syntax** (a) Readable Syntax (b) Code blocks are defined by indentation levels rather than curly braces, improving visual clarity. (c) `if x > 0: print(""Positive"")` 2. **Dynamic Typing** (a) Dynamic Typing (b) Variable types are determined at runtime and can be changed without explicit redeclaration. (c) `x = 10; x = ""text""` 3. **Object-Oriented** (a) Object-Oriented (b) The language treats everything as an object and supports class-based inheritance. (c) `class Dog: pass`"
off,16000,chain-of-anchor,converged,4511,46432,0.003620,"Both narratives explore how the systematic manipulation of memory is used to control individuals and blur the boundaries of human identity. **1984:** ""Who controls the past controls the future: who controls the present controls the past."" **Blade Runner:** ""All those moments will be lost in time, like tears in rain."""
off,16000,temporal-scope,converged,3155,37576,0.002531,"The major space-exploration event was the **launch of the Apollo 17 mission** (the final manned mission to the Moon). * **Event Name:** Apollo 17 Launch * **Exact Date:** December 7, 1972"
off,16000,null-result-tolerant,converged,917,16547,0.000742,"No, Napoleon Bonaparte died in exile on the island of Saint Helena in the South Atlantic Ocean and never visited the Australian continent."
off,32000,direct-fact,converged,216,2373,0.000178,1969
off,32000,multi-anchor-enumeration,converged,3485,27699,0.002801,"1. (a) Readable Syntax (b) Python uses English-like keywords and mandatory indentation to structure code blocks, making the logic highly legible. (c) `if x > 0:\n print(""Positive"")` 2. (a) Dynamic Typing (b) Variable types are inferred automatically at runtime, eliminating the need for explicit type declarations. (c) `value = 10; value = ""text""` 3. (a) Interpreted Execution (b) Source code is executed line-by-line by an interpreter without a separate compilation step into machine code. (c) `>>> "
off,32000,chain-of-anchor,converged,2623,34611,0.002109,"Both narratives examine the erosion of objective truth and individual identity through the systemic manipulation of memory. * **1984:** ""Who controls the past controls the future: who controls the present controls the past."" * **Blade Runner:** ""They're not my memories. They're in someone else's head."""
off,32000,temporal-scope,converged,2973,26639,0.002385,"The major space-exploration event was the **launch of the Apollo 17 mission** (the final manned mission to the Moon). * **Event Name:** Apollo 17 Launch * **Exact Date:** December 7, 1972"
off,32000,null-result-tolerant,converged,2009,22637,0.001616,"No, as Napoleon spent his final years in exile on the island of Saint Helena in the South Atlantic and there is no historical evidence that he ever visited the continent of Australia."
off,64000,direct-fact,converged,218,2265,0.000180,1969
off,64000,multi-anchor-enumeration,converged,1242,12946,0.001006,"1. (a) Readable Syntax: Python uses indentation and English-like keywords to prioritize code clarity and simplicity. (b) `if user_is_logged_in: print(""Welcome"")` 2. (a) Dynamic Typing: Variable types are determined automatically at runtime without the need for explicit declarations. (b) `data = 100` followed by `data = ""string""` 3. (a) Batteries-Included Standard Library: Python provides a vast array of built-in modules for common tasks like file handling and networking. (b) `import json; json.l"
off,64000,chain-of-anchor,converged,3679,45716,0.002954,"Both narratives explore how the manipulation of memory and truth is used to erode individual identity and enforce conformity. * **1984:** ""Who controls the past controls the future: who controls the present controls the past."" (Part 3, Chapter 3) * **Blade Runner:** ""I've had things done to me I can't even remember."" (Rachael speaking to Deckard)"
off,64000,temporal-scope,converged,3764,27675,0.003018,"**Event Name:** Launch of the Apollo 17 mission (the last manned mission to the Moon) **Exact Date:** December 7, 1972"
off,64000,null-result-tolerant,converged,2365,26602,0.001900,no There is no historical evidence because Napoleon Bonaparte died in exile on the island of Saint Helena in the South Atlantic Ocean and never traveled to the Southern Hemisphere.
